id_cliente;nome;email;telefone;cidade;estado;data_inicio;valor_mensal;status;data_nascimento;idade;faixa_etaria;inadimplente;faixa_valor
1;Srta. Isis Ramos;ycarvalhosilveira.com;8,21E+18;Carvalho;AP;04/06/2025;78.19;inadimplente;22/08/1988;37;31-45;1;0-80
2;Sr. João Guilherme Nascimento;qmoreiragmail.com;3,58E+19;Azevedo Grande;SP;13/11/2024;155.7;inadimplente;10/01/1983;42;31-45;1;121-160
3;Dr. Igor Monteiro;joao-pedrocarvalhoaraujo.org;+55 (041) 0059 8614;Sales;ES;12/06/2025;166.97;inadimplente;18/05/1988;37;31-45;1;161-200
4;Sofia da Rocha;gcavalcantigmail.com;+55 51 7323 0192;da Conceição;RO;29/07/2025;53.01;inadimplente;22/10/2006;19;19-30;1;0-80
5;Sr. Daniel Martins;jjesus@bol.com.br;+55 (081) 3404 3537;da Conceição;PI;29/01/2025;141.25;inadimplente;14/03/1980;45;31-45;1;121-160
6;Daniela da Rosa;kdias@almeida.com;+55 (031) 9791 7017;Araújo Grande;PR;15/03/2025;118.85;inadimplente;11/01/1988;37;31-45;1;81-120
7;Renan Ramos;lda-mata@hotmail.com;(021) 5710 1807;Rocha do Amparo;AL;06/04/2025;126.73;inadimplente;12/01/1974;51;46-60;1;121-160
8;Sr. Ryan da Rosa;souzalara@goncalves.org;+55 (031) 1984 1157;Porto Verde;RO;07/05/2025;100.44;inadimplente;20/10/1982;43;31-45;1;81-120
9;Pedro Lucas Nunes;otaviocarvalho@souza.br;+55 21 6975-3037;da Cruz dos Dourados;PB;23/11/2024;94.82;inadimplente;26/02/1994;31;31-45;1;81-120
10;Gustavo Oliveira;thalesteixeira@hotmail.com;81 2223-9516;Peixoto do Amparo;CE;21/10/2024;110.61;inadimplente;07/12/1978;47;46-60;1;81-120
11;Milena Gonçalves;peixotofrancisco@ig.com.br;21 6751-8127;Campos;MT;08/04/2025;112.78;inadimplente;09/10/1972;53;46-60;1;81-120
12;Sabrina Duarte;joao-gabriel60@uol.com.br;+55 (031) 5306 6435;Pires;SC;04/11/2024;157.01;inadimplente;23/08/1959;66;60+;1;121-160
13;Pedro Mendes;sramos@ig.com.br;(041) 5868 2645;Rocha;AP;07/09/2024;75.5;inadimplente;10/07/1957;68;60+;1;0-80
14;Maria Alice Pires;ssilveira@hotmail.com;31 5147-0604;Gonçalves de Duarte;RJ;05/02/2025;164.44;inadimplente;08/03/1991;34;31-45;1;161-200
15;Marcelo Rocha;alicelima@yahoo.com.br;+55 (084) 8079-2248;Dias de Ramos;MA;14/05/2025;180.71;inadimplente;18/11/1969;56;46-60;1;161-200
16;Maria Clara da Mata;kaiquepeixoto@da.br;+55 71 4824-8286;Rezende Alegre;CE;28/05/2025;120.58;inadimplente;20/03/2001;24;19-30;1;121-160
17;Marcos Vinicius Viana;brendasales@peixoto.com;(021) 5974 7494;Azevedo;PI;20/05/2025;111.97;inadimplente;29/01/1994;31;31-45;1;81-120
18;Sra. Isadora Barbosa;evelynda-rocha@fernandes.com;(041) 8051 2367;Rocha do Norte;MA;14/05/2025;118.64;inadimplente;22/03/1979;46;46-60;1;81-120
20;Júlia Pinto;kda-costa@moreira.br;+55 51 7472 8612;Costela de Farias;BA;13/05/2025;123.44;inadimplente;16/09/1999;26;19-30;1;121-160
22;Natália Souza;luiz-miguel69@ramos.org;+55 84 4544 7456;Teixeira das Pedras;MG;09/02/2025;98.33;inadimplente;19/12/1959;66;60+;1;81-120
23;Daniel Nunes;erick59@peixoto.org;(031) 9186-9672;Campos;PB;31/05/2025;87.32;inadimplente;17/09/1976;49;46-60;1;81-120
24;Kamilly Souza;fogacajoao-miguel@da.com;+55 (084) 3419 7012;Caldeira do Sul;PI;24/11/2024;95.92;inadimplente;30/09/2001;24;19-30;1;81-120
25;Otávio Fernandes;gporto@cavalcanti.com;0800 040 8963;Teixeira;TO;29/10/2024;159.17;inadimplente;01/08/1960;65;60+;1;121-160
26;Melissa Martins;bernardo16@costa.org;(031) 4206 1952;da Conceição de Goiás;AC;27/06/2025;101.41;inadimplente;18/08/1963;62;60+;1;81-120
28;Ana Sophia Novaes;rsouza@cunha.com;+55 61 8609 6615;da Costa;PB;13/05/2025;81.68;inadimplente;21/08/2005;20;19-30;1;81-120
29;Lara Campos;caueda-mata@ig.com.br;+55 (011) 8253-7520;da Rocha das Flores;SP;19/01/2025;104.99;inadimplente;02/04/2004;21;19-30;1;81-120
30;Júlia Sales;cavalcanticaio@gmail.com;61 9742 3764;Cardoso do Norte;PA;24/09/2024;165.69;inadimplente;31/03/2003;22;19-30;1;161-200
31;Rodrigo Moreira;vvieira@viana.br;0300 670 7484;da Mata da Serra;MA;27/08/2024;66.22;inadimplente;01/11/2005;20;19-30;1;0-80
32;Antônio Farias;pereiraerick@cardoso.com;(061) 7637 3793;Martins;AM;24/11/2024;116.65;inadimplente;08/07/1996;29;19-30;1;81-120
33;Stella Pires;kcampos@bol.com.br;+55 51 1167 5632;Rodrigues;SE;13/10/2024;72.97;inadimplente;09/10/2006;19;19-30;1;0-80
34;Bryan Campos;davi-luizcaldeira@yahoo.com.br;81 8538-4589;Martins de Goiás;SE;22/09/2024;149.37;inadimplente;21/05/1983;42;31-45;1;121-160
35;Francisco Cardoso;duarteyuri@cardoso.com;+55 (061) 6729-4893;Gomes de Goiás;BA;09/03/2025;112.82;inadimplente;12/03/1998;27;19-30;1;81-120
36;Joana Gonçalves;fariasmurilo@gmail.com;(071) 2513-8844;Gomes do Galho;RJ;03/12/2024;92.41;inadimplente;26/01/1998;27;19-30;1;81-120
37;Eduardo Barros;ucavalcanti@vieira.net;+55 41 8276-0259;Santos do Amparo;PE;31/01/2025;166.69;inadimplente;02/09/1960;65;60+;1;161-200
38;Bárbara Nunes;maria-fernandavieira@uol.com.br;+55 (051) 6372-7127;Pires;SP;12/12/2024;111.46;inadimplente;20/03/1993;32;31-45;1;81-120
40;Elisa Pires;rodriguesmaite@martins.org;0300 690 6942;Sales de Minas;MG;21/06/2025;150.74;inadimplente;12/09/1997;28;19-30;1;121-160
41;Eloah Barbosa;rezendevalentina@teixeira.com;+55 84 1136 1116;Ribeiro;RN;05/08/2024;150.35;inadimplente;23/03/1994;31;31-45;1;121-160
42;Evelyn Rezende;davi-lucas34@dias.com;0900 932 3280;Souza;BA;28/03/2025;166.93;inadimplente;14/11/2000;25;19-30;1;161-200
43;Vitor Pires;bernardo98@viana.com;+55 11 2073 9088;Viana;RR;05/02/2025;65.19;inadimplente;24/08/1984;41;31-45;1;0-80
44;Maysa da Mata;caio64@viana.com;(051) 2588 7697;Pereira da Mata;RR;21/11/2024;118.51;inadimplente;17/01/1981;44;31-45;1;81-120
45;Sr. Gustavo Dias;melissa37@nascimento.com;11 0605-7107;Campos Paulista;SP;29/09/2024;57.51;inadimplente;07/12/1991;34;31-45;1;0-80
46;Pedro Miguel Pinto;pereiracaue@lopes.br;11 8576 1342;Pires de Vieira;DF;12/07/2025;177.84;inadimplente;16/04/1975;50;46-60;1;161-200
47;Ryan Barbosa;sophie77@uol.com.br;+55 84 4589 3880;Barros do Oeste;SC;08/02/2025;96.91;inadimplente;17/03/1997;28;19-30;1;81-120
49;Ana Julia Fogaça;osouza@ramos.net;+55 51 3849 0190;Mendes das Flores;RN;21/06/2025;70.76;inadimplente;22/04/1992;33;31-45;1;0-80
50;Dr. Bryan Moraes;grodrigues@ig.com.br;0300 735 1679;Nascimento;MA;23/05/2025;99.3;inadimplente;02/05/1968;57;46-60;1;81-120
51;Sra. Ana Sophia Freitas;gabriela72@silva.com;21 2499-1033;Sales Alegre;RN;06/03/2025;193.26;inadimplente;15/07/1983;42;31-45;1;161-200
52;Paulo Rocha;cunhadaniela@nogueira.org;(071) 2951 2609;Viana;GO;16/04/2025;181.77;inadimplente;08/04/1999;26;19-30;1;161-200
53;Luiza Correia;rafael43@gmail.com;71 3826 9814;Souza;DF;27/01/2025;105.89;inadimplente;09/11/1976;49;46-60;1;81-120
54;Eduarda Pires;danilofogaca@farias.br;0300 942 0021;Dias dos Dourados;RR;28/01/2025;77.43;inadimplente;26/08/1971;54;46-60;1;0-80
55;Gabriel Silva;freitassamuel@fogaca.org;+55 21 8558 8238;Almeida;RN;28/02/2025;110.04;inadimplente;25/08/1966;59;46-60;1;81-120
56;Sophie Cunha;joao-guilhermeoliveira@melo.br;(051) 3705 0239;Nunes;PE;14/04/2025;90.77;inadimplente;31/12/1972;53;46-60;1;81-120
57;Matheus Gomes;joao-pedro91@gmail.com;+55 (071) 4774-0630;Silva Alegre;PA;27/08/2024;153.49;inadimplente;12/09/1964;61;60+;1;121-160
58;Maitê Barbosa;fernandesmariana@silva.com;+55 11 5362 3070;Moraes;SC;16/03/2025;169.98;inadimplente;22/08/1992;33;31-45;1;161-200
59;Dr. Nathan Costa;camposjuliana@nascimento.com;+55 (071) 2946 4047;Oliveira do Sul;BA;18/01/2025;66.96;inadimplente;06/05/2002;23;19-30;1;0-80
60;Marcos Vinicius da Cunha;gabriellycostela@ig.com.br;21 5955 0242;Aragão;PE;12/06/2025;197.24;inadimplente;21/04/1993;32;31-45;1;161-200
61;Sr. Matheus Oliveira;alexia14@hotmail.com;71 6918 4792;Novaes da Mata;SC;31/03/2025;65.56;inadimplente;20/04/1964;61;60+;1;0-80
62;Helena Azevedo;matheus55@teixeira.com;+55 41 9876 4853;Freitas Alegre;ES;10/09/2024;170.34;inadimplente;18/04/1968;57;46-60;1;161-200
63;Milena Santos;duartelucca@da.com;(084) 6231-0452;Correia;MT;13/02/2025;77.19;inadimplente;15/07/1973;52;46-60;1;0-80
64;Joana Dias;cardosoarthur@bol.com.br;84 0935 0896;Lima;PI;20/04/2025;166.87;inadimplente;07/01/2005;20;19-30;1;161-200
65;Renan Oliveira;qcunha@azevedo.com;+55 (031) 1106 9138;Ribeiro de Correia;AC;16/12/2024;179.39;inadimplente;19/11/1995;30;19-30;1;161-200
66;Carlos Eduardo da Cunha;gabriela71@bol.com.br;(021) 1930-1623;da Paz;RO;23/11/2024;122.46;inadimplente;25/10/1963;62;60+;1;121-160
67;Eduarda Rocha;pintomaria-clara@araujo.com;(031) 1804 6640;Duarte;PE;01/11/2024;66.94;inadimplente;16/09/1970;55;46-60;1;0-80
68;Joaquim Monteiro;caldeirasophie@ramos.br;(041) 7065-9795;Moraes;AM;05/08/2024;116.1;inadimplente;03/12/2001;24;19-30;1;81-120
69;Bruno Freitas;luiz-fernando88@yahoo.com.br;81 7530-6478;Nogueira Verde;ES;24/01/2025;89.24;inadimplente;01/06/1979;46;46-60;1;81-120
70;Ana Lívia Cunha;pintosophie@aragao.br;+55 (031) 7305 9302;Peixoto dos Dourados;BA;24/01/2025;51.85;inadimplente;09/07/1960;65;60+;1;0-80
71;Sabrina Porto;marianealmeida@pereira.net;(081) 7978 8342;da Rosa de da Rocha;PA;01/02/2025;165.13;inadimplente;15/11/1955;70;60+;1;161-200
72;Dra. Lavínia Azevedo;bryanda-cruz@lima.org;+55 41 2992 3163;Jesus dos Dourados;AL;15/05/2025;158.57;inadimplente;06/07/1987;38;31-45;1;121-160
73;Kamilly Cardoso;gomesjoaquim@cardoso.com;51 1815 3023;Silveira da Serra;PI;04/02/2025;196.68;inadimplente;03/04/1977;48;46-60;1;161-200
74;Heitor Ferreira;meloisabelly@almeida.net;+55 (061) 9617-7515;Freitas da Serra;TO;14/01/2025;127.86;inadimplente;23/01/1999;26;19-30;1;121-160
75;Sra. Luana Campos;enricorocha@alves.br;(084) 8467-5252;Rodrigues de Lima;RO;23/03/2025;114.93;inadimplente;21/04/1985;40;31-45;1;81-120
76;Cauê Freitas;livia64@hotmail.com;31 9909 1072;Mendes;AL;17/02/2025;122.29;inadimplente;28/01/1973;52;46-60;1;121-160
77;Lucas Gabriel Peixoto;araujobryan@gmail.com;0800-792-1318;Almeida de Minas;TO;30/07/2025;72.3;inadimplente;07/07/1957;68;60+;1;0-80
78;Rodrigo Ramos;enricocosta@uol.com.br;+55 31 4497 3881;da Mota;PA;08/01/2025;183.81;inadimplente;16/09/2002;23;19-30;1;161-200
79;Enzo Gabriel da Luz;sofia79@da.com;+55 11 5849 0938;da Rocha;RN;08/12/2024;51.75;inadimplente;11/07/1993;32;31-45;1;0-80
80;Julia Campos;ryan52@castro.br;(071) 0705-9283;Pinto;PB;04/10/2024;125.84;inadimplente;03/07/1965;60;46-60;1;121-160
81;Olivia Barbosa;smoreira@bol.com.br;(021) 5933 5830;Lopes de Goiás;PI;17/09/2024;177.78;inadimplente;07/10/1992;33;31-45;1;161-200
82;Stella Azevedo;tcunha@viana.org;+55 51 9616 0294;Farias;AL;28/04/2025;61.23;inadimplente;01/07/1963;62;60+;1;0-80
83;Vinicius Castro;nmelo@da.com;(041) 1923-5786;Ferreira;BA;18/07/2025;98.1;inadimplente;02/12/1977;48;46-60;1;81-120
84;Luiz Gustavo Ribeiro;thalescorreia@da.br;+55 81 8875-0791;Moreira;CE;17/04/2025;195.52;inadimplente;02/02/2003;22;19-30;1;161-200
85;Ana Beatriz Castro;xaraujo@porto.br;31 4100-3753;Viana do Norte;RR;16/06/2025;126.04;inadimplente;21/03/1958;67;60+;1;121-160
86;Marina Pires;nascimentobarbara@dias.com;31 0825 1162;Duarte;PE;08/11/2024;146.5;inadimplente;05/06/1971;54;46-60;1;121-160
87;Dra. Lorena Rocha;joao-felipemoraes@cavalcanti.com;51 4876 1375;Ramos Alegre;TO;05/07/2025;172.57;inadimplente;13/07/2000;25;19-30;1;161-200
88;Thomas Cardoso;da-motadiogo@bol.com.br;(081) 6723-7892;Martins;PI;13/06/2025;118.86;inadimplente;12/03/1956;69;60+;1;81-120
89;Maria Luiza Monteiro;oliveiralavinia@gmail.com;+55 (084) 0858-9900;Gonçalves;PI;17/08/2024;117.21;inadimplente;20/11/1962;63;60+;1;81-120
90;Dr. Kevin Costa;ramosheloisa@da.com;(031) 5146 3956;Correia da Mata;ES;15/12/2024;117.06;inadimplente;15/12/1996;29;19-30;1;81-120
91;Julia Campos;natalia70@bol.com.br;+55 (061) 6095-9449;Duarte;ES;08/12/2024;197.1;inadimplente;04/01/2006;19;19-30;1;161-200
92;Davi Porto;miguelbarros@ribeiro.com;+55 (031) 5763-9884;Lopes;BA;05/12/2024;65.4;inadimplente;12/08/1970;55;46-60;1;0-80
93;Emanuelly Martins;marcos-viniciusrezende@da.br;+55 (061) 3441 9054;Melo de Fernandes;AL;13/06/2025;55.37;inadimplente;06/05/1958;67;60+;1;0-80
94;Gabrielly Santos;ana-sophia38@ig.com.br;0500-690-0027;Nascimento;CE;13/09/2024;50.03;inadimplente;14/06/1999;26;19-30;1;0-80
95;Luiz Henrique Moura;da-costabernardo@da.br;(061) 8832 0670;Dias;PR;05/12/2024;168.77;inadimplente;11/04/1980;45;31-45;1;161-200
96;João Pedro Oliveira;henrique67@rocha.com;+55 51 9983 2226;Gonçalves de Silva;SP;11/11/2024;183.52;inadimplente;26/02/1957;68;60+;1;161-200
97;Giovanna Mendes;gsouza@yahoo.com.br;(031) 8909 2837;Cardoso;TO;16/03/2025;81.03;inadimplente;04/09/1966;59;46-60;1;81-120
98;Sra. Bianca Dias;zgoncalves@yahoo.com.br;84 7680 1141;Caldeira;RJ;08/01/2025;192.55;inadimplente;03/01/1975;50;46-60;1;161-200
99;Kevin Correia;rda-conceicao@santos.br;+55 (021) 9529 5914;Costa de Goiás;MG;05/11/2024;173.8;inadimplente;10/08/1987;38;31-45;1;161-200
100;Cecília Martins;da-conceicaogiovanna@castro.br;+55 (084) 9755 7733;Moura;PR;06/05/2025;176.65;inadimplente;27/10/1977;48;46-60;1;161-200
101;Yasmin Lopes;vitoriacarvalho@farias.br;(011) 4503-8733;da Rocha dos Dourados;MT;17/11/2024;134.02;inadimplente;27/02/1965;60;46-60;1;121-160
102;Dra. Eduarda Oliveira;da-cruzpedro-miguel@uol.com.br;0300-850-8078;Santos;DF;23/01/2025;157.5;inadimplente;05/01/1975;50;46-60;1;121-160
103;Luiz Otávio Rocha;laura58@da.com;(081) 7559 1298;Cunha;RN;22/06/2025;157.39;inadimplente;17/05/1997;28;19-30;1;121-160
104;Henrique Martins;hrezende@campos.com;+55 21 8122 6819;da Rocha de Barros;AC;26/07/2025;64.62;inadimplente;17/09/1987;38;31-45;1;0-80
105;Sra. Alícia da Costa;da-motarafael@uol.com.br;+55 (061) 7925-7000;Viana Grande;AP;20/06/2025;50.33;inadimplente;29/09/1975;50;46-60;1;0-80
106;Dra. Sabrina Barros;xsilva@nogueira.br;(031) 8251-2394;Rezende;BA;04/11/2024;174.48;inadimplente;30/05/1981;44;31-45;1;161-200
107;Levi Santos;uda-paz@araujo.br;+55 84 0960-5248;Melo da Serra;GO;29/01/2025;132.15;inadimplente;23/01/1974;51;46-60;1;121-160
108;Larissa Teixeira;clararezende@ig.com.br;81 0261-3129;Campos;SP;11/01/2025;155.31;inadimplente;01/07/2003;22;19-30;1;121-160
109;Benjamin Barros;thiago11@gmail.com;(041) 1357 7534;Ramos Paulista;RR;20/09/2024;184.53;inadimplente;06/06/1963;62;60+;1;161-200
110;Srta. Cecília Caldeira;vitorcampos@yahoo.com.br;+55 51 7407 4940;Silva;AL;27/01/2025;71.07;inadimplente;22/11/1970;55;46-60;1;0-80
111;Sra. Laís Carvalho;nascimentokevin@ig.com.br;(061) 0238 8090;Teixeira;SP;02/11/2024;66.04;inadimplente;11/01/1990;35;31-45;1;0-80
112;Luna da Conceição;martinsnoah@lopes.br;0800-419-0169;Barros;RJ;23/10/2024;78.13;inadimplente;10/05/1972;53;46-60;1;0-80
113;Sofia Caldeira;yferreira@costa.org;+55 71 6003 2762;da Cruz;AM;21/03/2025;82.34;inadimplente;05/07/1990;35;31-45;1;81-120
114;Srta. Bruna Alves;vitoria41@bol.com.br;+55 (011) 5138 6969;Sales;AC;28/02/2025;157.52;inadimplente;08/12/1997;28;19-30;1;121-160
115;Yasmin Nunes;zgomes@castro.com;+55 (011) 7369-9082;Teixeira;CE;03/07/2025;163.57;inadimplente;08/06/2003;22;19-30;1;161-200
116;Clarice Sales;hfernandes@hotmail.com;+55 (041) 5199 0092;Campos;GO;24/06/2025;188.99;inadimplente;20/07/1996;29;19-30;1;161-200
117;Gabriel Fogaça;barbosacamila@bol.com.br;(084) 9691 9305;Silveira;PA;31/03/2025;165.82;inadimplente;10/03/1967;58;46-60;1;161-200
118;Isabel Santos;pereiraleonardo@jesus.net;71 8140 6091;Santos de Freitas;RN;12/03/2025;118.61;inadimplente;16/05/1962;63;60+;1;81-120
119;Davi Moura;vicentepires@yahoo.com.br;+55 84 2219 3154;Pinto de Barbosa;AP;06/10/2024;70.2;inadimplente;08/11/1962;63;60+;1;0-80
120;Maria Rocha;novaesdavi-lucas@hotmail.com;+55 41 0221-5555;Gonçalves;ES;24/07/2025;50.65;inadimplente;01/04/2003;22;19-30;1;0-80
121;Bryan Santos;ana-sophiaalves@costela.br;(081) 7137-7271;Campos;PI;13/07/2025;132.98;inadimplente;10/10/1968;57;46-60;1;121-160
122;Bernardo das Neves;ylopes@uol.com.br;84 6861 7299;Cardoso Grande;SC;16/06/2025;175.82;inadimplente;12/04/1964;61;60+;1;161-200
123;Alexandre Lopes;imoura@ig.com.br;+55 (084) 1619-3118;Duarte;AM;19/07/2025;188.66;inadimplente;16/09/1991;34;31-45;1;161-200
124;Dr. João Pedro Barros;jpeixoto@bol.com.br;(021) 7151-7459;Ramos;DF;01/11/2024;153.77;inadimplente;10/01/1992;33;31-45;1;121-160
125;Eduardo Nunes;da-mataagatha@ig.com.br;+55 81 2340-3844;Correia das Pedras;RO;22/12/2024;159.57;inadimplente;02/02/1996;29;19-30;1;121-160
126;Beatriz Porto;da-conceicaobruna@bol.com.br;(021) 4749-8458;Alves;AL;17/12/2024;65.53;inadimplente;24/09/1978;47;46-60;1;0-80
127;Marcela Caldeira;udas-neves@gmail.com;+55 (084) 2588-8909;Barros;DF;24/01/2025;125.62;inadimplente;04/02/1973;52;46-60;1;121-160
128;Ana Lívia Monteiro;lucas-gabrielcostela@souza.br;(031) 5173 7470;Moraes;PR;21/01/2025;112.8;inadimplente;02/05/1985;40;31-45;1;81-120
129;Dra. Elisa Almeida;costaclarice@lima.br;0500 492 9651;Aragão do Sul;MS;01/01/2025;91.04;inadimplente;05/11/1976;49;46-60;1;81-120
130;Nina Fernandes;castrojuan@bol.com.br;+55 71 8414-3579;Mendes Grande;GO;20/11/2024;195.57;inadimplente;24/12/1966;59;46-60;1;161-200
131;Eduardo da Luz;raul26@hotmail.com;+55 (071) 4213-4050;da Costa de Cardoso;MG;31/10/2024;170.72;inadimplente;18/03/1995;30;19-30;1;161-200
132;Maria Fernanda Araújo;melissa30@bol.com.br;84 5546-7329;Nogueira do Galho;RJ;16/12/2024;111.91;inadimplente;24/08/1961;64;60+;1;81-120
133;Theo Cavalcanti;bda-mata@vieira.com;+55 (041) 8500-6457;Nascimento do Oeste;AL;07/04/2025;94.84;inadimplente;17/06/1958;67;60+;1;81-120
134;Sr. Fernando Costela;wmelo@gmail.com;(051) 4346 8404;Souza da Prata;PB;08/07/2025;179.11;inadimplente;10/12/1957;68;60+;1;161-200
135;Sophia da Paz;vda-luz@gmail.com;+55 (031) 0977-0470;Monteiro da Mata;TO;08/12/2024;144.89;inadimplente;01/08/1989;36;31-45;1;121-160
136;Lucca Monteiro;jgomes@yahoo.com.br;(061) 0409 4782;Porto de da Conceição;PR;19/10/2024;81.46;inadimplente;15/07/1981;44;31-45;1;81-120
137;Thomas Silva;paragao@bol.com.br;+55 71 9264-9510;da Cunha;MT;26/09/2024;152.99;inadimplente;14/09/1995;30;19-30;1;121-160
138;Alexia da Mota;alvesbarbara@hotmail.com;+55 81 6469-2929;Freitas da Prata;RN;29/01/2025;197.2;inadimplente;27/08/1991;34;31-45;1;161-200
139;Mariane Cavalcanti;brendacardoso@ig.com.br;(061) 7674 3184;da Paz;AC;01/03/2025;125.58;inadimplente;07/09/1978;47;46-60;1;121-160
140;Gustavo da Conceição;da-cruznathan@ig.com.br;0900 749 0285;Correia do Sul;AM;21/06/2025;156.55;inadimplente;02/01/1976;49;46-60;1;121-160
141;Carlos Eduardo Pinto;carvalhoclarice@yahoo.com.br;+55 71 4929 9726;da Luz;AP;09/01/2025;134.34;adimplente;30/05/1956;69;60+;0;121-160
142;Daniel Teixeira;stella94@teixeira.br;+55 (084) 4039-0991;Rodrigues de Peixoto;AL;22/08/2024;191.4;adimplente;25/02/1970;55;46-60;0;161-200
143;Sarah da Mota;lopesmilena@uol.com.br;+55 (061) 2382 2900;Porto;ES;16/06/2025;151.14;adimplente;16/09/1959;66;60+;0;121-160
144;Gabriel Castro;da-cruzcaroline@alves.com;(071) 0007-1563;Farias de da Mata;RJ;16/04/2025;92.89;adimplente;17/09/1969;56;46-60;0;81-120
145;Sra. Ana Laura Cavalcanti;aazevedo@gmail.com;(081) 9916-0487;Nogueira do Galho;RR;23/09/2024;171.25;adimplente;16/09/1960;65;60+;0;161-200
146;João Miguel Aragão;qcosta@hotmail.com;+55 11 6886 8791;Rezende da Mata;GO;12/07/2025;65.97;adimplente;08/06/1973;52;46-60;0;0-80
147;Marcelo Melo;silvaotavio@correia.br;0800 075 3419;Cavalcanti de Costa;BA;18/12/2024;71.8;adimplente;12/07/2002;23;19-30;0;0-80
148;Srta. Eloah Pereira;larada-mota@ig.com.br;+55 (011) 2182 3041;Sales de Minas;PE;04/01/2025;79.99;adimplente;02/03/1993;32;31-45;0;0-80
149;Sr. Pedro Lucas Souza;emanuelly06@teixeira.com;+55 (051) 0937 9018;Correia do Norte;AL;04/02/2025;197.53;adimplente;15/02/1985;40;31-45;0;161-200
150;Dra. Valentina Oliveira;cribeiro@gmail.com;81 3491 9356;das Neves;AL;24/05/2025;71.96;adimplente;15/01/2002;23;19-30;0;0-80
151;Luigi Oliveira;iazevedo@ig.com.br;51 2575 9335;Oliveira;PR;30/08/2024;153.59;adimplente;15/02/1981;44;31-45;0;121-160
152;Vicente da Cunha;scaldeira@costela.com;84 6538-1204;Sales dos Dourados;RR;02/04/2025;80.6;adimplente;20/01/1959;66;60+;0;81-120
153;Dr. Lucas Gabriel Fernandes;yaragao@da.br;+55 (061) 6963-9619;Farias;RO;15/05/2025;54.85;adimplente;01/01/1967;58;46-60;0;0-80
154;Srta. Mariane Duarte;thomaslima@uol.com.br;+55 51 0030 9680;Pires;RS;21/06/2025;65.37;adimplente;13/03/1957;68;60+;0;0-80
155;Paulo Novaes;rpeixoto@martins.com;+55 81 7742 2755;Mendes de Minas;RO;08/04/2025;179.73;adimplente;02/04/1957;68;60+;0;161-200
156;Srta. Valentina Costela;duartenicolas@uol.com.br;+55 21 3391 6353;Pereira;RO;26/01/2025;108.33;adimplente;08/10/1961;64;60+;0;81-120
157;Gustavo Henrique Farias;vitor-gabrieldas-neves@nascimento.br;(041) 9567-8163;das Neves;MS;23/04/2025;167.65;adimplente;19/10/1981;44;31-45;0;161-200
158;Sr. Calebe Cardoso;qnovaes@melo.org;(031) 7336 4941;da Cunha de Goiás;BA;07/10/2024;153.94;adimplente;23/05/2003;22;19-30;0;121-160
159;Benjamin Pereira;ana-carolina55@caldeira.br;31 8153 1099;Pires de Minas;PI;26/11/2024;188.97;adimplente;01/11/1972;53;46-60;0;161-200
160;Mariane Pereira;isaac75@porto.br;+55 71 2659 2619;Campos do Campo;AC;14/06/2025;112.48;adimplente;22/07/1979;46;46-60;0;81-120
161;Luiz Henrique Fernandes;mfernandes@da.org;+55 84 1353-4143;Costa;RS;10/07/2025;194.87;adimplente;12/10/2002;23;19-30;0;161-200
162;Milena Cunha;sophiesilveira@gmail.com;+55 84 1525-7253;da Cruz do Sul;CE;27/02/2025;51.94;adimplente;21/01/1985;40;31-45;0;0-80
163;Dra. Isis Ramos;goncalvesana-clara@ig.com.br;(051) 5900 9391;Freitas Alegre;PI;16/10/2024;80.46;adimplente;09/11/1967;58;46-60;0;81-120
164;Eduarda da Paz;pietra04@bol.com.br;11 7420 6419;Moreira de Cardoso;AL;13/12/2024;174.5;adimplente;12/08/1974;51;46-60;0;161-200
165;Emanuel Ramos;goncalvesmarcela@hotmail.com;(041) 8254 4309;Gomes de Martins;PA;07/03/2025;163.27;adimplente;26/07/1958;67;60+;0;161-200
166;Dra. Emilly Fogaça;vcosta@farias.com;+55 (084) 6927-3834;da Cunha;PI;02/04/2025;160.77;adimplente;24/12/1989;36;31-45;0;161-200
167;Isabel Duarte;ryancorreia@viana.com;+55 84 1761-5012;Correia;CE;14/04/2025;166.42;adimplente;31/03/1990;35;31-45;0;161-200
168;Antônio da Conceição;maria-ceciliaramos@gmail.com;+55 84 0042-3769;Ribeiro;SE;22/06/2025;94.13;adimplente;09/09/1991;34;31-45;0;81-120
169;Daniela Melo;gcavalcanti@da.com;0500 110 2190;da Cunha;MS;15/08/2024;197.52;adimplente;03/12/2000;25;19-30;0;161-200
170;Gabriel da Costa;fernando71@bol.com.br;+55 21 9075 9006;Fogaça da Prata;RO;30/11/2024;78.05;adimplente;06/01/1992;33;31-45;0;0-80
171;André da Rocha;cunhajuan@moura.br;+55 51 1953 4185;Teixeira da Praia;SE;04/11/2024;160.26;adimplente;24/11/1996;29;19-30;0;161-200
172;Srta. Caroline Freitas;diasgabriel@da.br;+55 71 3310-9127;Fogaça de Farias;AM;08/05/2025;106.58;adimplente;28/02/1969;56;46-60;0;81-120
173;Maria da Cruz;carvalhoisis@silveira.br;+55 (061) 3342 6965;Peixoto das Flores;RJ;21/08/2024;91.87;adimplente;25/11/1983;42;31-45;0;81-120
174;Laís da Mata;almeidamarcelo@da.br;41 0450 3973;Fogaça;RN;09/10/2024;69.51;adimplente;22/09/1984;41;31-45;0;0-80
175;Eloah Mendes;castrogabrielly@bol.com.br;41 9160 2216;Carvalho;AM;02/04/2025;50.85;adimplente;08/10/1965;60;46-60;0;0-80
176;Lavínia da Conceição;da-matadiogo@da.br;+55 11 4955-7047;da Rocha de Farias;TO;03/04/2025;156.45;adimplente;19/09/1993;32;31-45;0;121-160
177;Nina Lima;azevedobenicio@lopes.com;+55 (031) 8742-6357;Fogaça;PE;08/02/2025;55.99;adimplente;30/08/1978;47;46-60;0;0-80
178;Ana Rocha;acardoso@ig.com.br;51 7469 5346;Ribeiro;ES;31/08/2024;139.53;adimplente;02/08/1980;45;31-45;0;121-160
179;Caio Barbosa;limagabrielly@nunes.com;31 3002-6650;Ferreira do Sul;PB;06/01/2025;123.58;adimplente;24/03/1956;69;60+;0;121-160
180;Raquel Castro;tdias@hotmail.com;+55 41 0005 8866;Azevedo Grande;GO;04/03/2025;132.52;adimplente;24/01/2001;24;19-30;0;121-160
181;Sra. Heloísa Silva;pereirajoao@teixeira.net;61 4156-2020;Carvalho;SC;11/05/2025;167.6;adimplente;02/02/1979;46;46-60;0;161-200
182;Maria Clara Novaes;joao-miguel41@hotmail.com;+55 (084) 3676 9923;Dias da Serra;AC;02/07/2025;128.81;adimplente;09/02/1991;34;31-45;0;121-160
183;Sr. Matheus Moreira;helena52@da.br;+55 (021) 0897-9956;Costa;SE;15/07/2025;128.09;adimplente;15/04/1962;63;60+;0;121-160
184;Alexandre Moraes;ujesus@uol.com.br;+55 (021) 2507 1773;Campos;MS;14/09/2024;73.91;adimplente;19/11/1958;67;60+;0;0-80
185;Pedro Miguel Nascimento;kamilly20@yahoo.com.br;+55 (021) 9856-9505;Pinto;AL;28/01/2025;130.56;adimplente;11/05/1999;26;19-30;0;121-160
186;Ana Júlia Caldeira;joaquimmoreira@campos.br;+55 84 7728-0624;Teixeira;RJ;13/03/2025;102.41;adimplente;18/06/1988;37;31-45;0;81-120
187;Luigi Campos;mendesana-laura@ig.com.br;+55 (061) 7346 3236;da Rocha;MA;30/08/2024;149.5;adimplente;26/11/1977;48;46-60;0;121-160
188;Thomas Nascimento;ysouza@pereira.br;(061) 8102-8918;Almeida dos Dourados;TO;19/10/2024;104.12;adimplente;03/01/1988;37;31-45;0;81-120
189;Sr. Renan das Neves;arthursouza@hotmail.com;+55 (084) 7386-2960;da Rocha da Praia;AM;07/01/2025;192.55;adimplente;05/01/1960;65;60+;0;161-200
190;Bruno Oliveira;isilveira@rezende.net;+55 11 0247 4768;Azevedo;RR;18/03/2025;121.23;adimplente;31/03/1957;68;60+;0;121-160
191;Fernanda Almeida;nascimentolucas-gabriel@da.br;61 6999-0086;Nunes do Galho;MT;14/08/2024;173.55;adimplente;25/10/2006;19;19-30;0;161-200
192;Carlos Eduardo Porto;teixeiraenrico@gmail.com;+55 (081) 1401-8598;Pereira de Peixoto;MT;01/07/2025;67.21;adimplente;25/07/1976;49;46-60;0;0-80
193;Alana Nascimento;da-pazdavi-luiz@gmail.com;(084) 2161 2899;Silva de Araújo;SE;17/07/2025;116.85;adimplente;24/09/1985;40;31-45;0;81-120
194;Emanuelly Silva;thomasalmeida@gomes.br;+55 (084) 3962-0574;Ramos das Pedras;PB;30/11/2024;193.83;adimplente;24/10/1978;47;46-60;0;161-200
195;Miguel da Mata;luigi99@rezende.com;84 1117-3444;da Rosa;DF;21/06/2025;107.21;adimplente;07/06/1997;28;19-30;0;81-120
196;Marcos Vinicius Cardoso;camposcaio@gmail.com;(031) 7024 9344;Ramos;ES;29/09/2024;107.88;adimplente;20/02/1959;66;60+;0;81-120
197;Thomas Pereira;da-rochajulia@gmail.com;+55 84 6015-1686;Alves;RN;08/12/2024;158.6;adimplente;22/05/2005;20;19-30;0;121-160
198;Sr. Lucas Alves;melomaria-vitoria@farias.br;+55 81 6739 8885;Cardoso;RJ;07/11/2024;186.7;adimplente;19/12/1973;52;46-60;0;161-200
199;Davi Lucca Silva;correiaesther@yahoo.com.br;+55 (021) 8419 8307;Novaes;AM;07/02/2025;127.15;adimplente;18/12/1961;64;60+;0;121-160
200;Dr. Erick Cunha;upereira@correia.org;81 3981 2006;da Rocha;RJ;11/11/2024;116.83;adimplente;03/09/2003;22;19-30;0;81-120
201;Sra. Sophia da Cunha;agatha58@oliveira.com;84 8919-5975;Cardoso de Rezende;RR;31/01/2025;94.47;adimplente;02/05/1990;35;31-45;0;81-120
202;Dr. Lorenzo Azevedo;qcardoso@bol.com.br;0800 752 1110;das Neves;SC;09/12/2024;98.05;adimplente;20/03/2000;25;19-30;0;81-120
203;Milena Nogueira;nalves@hotmail.com;+55 81 4761 3507;Cardoso;AL;04/06/2025;192.23;adimplente;02/08/1992;33;31-45;0;161-200
204;Maria Luiza Azevedo;daniela47@rodrigues.br;0300 400 1608;Ribeiro;PA;05/10/2024;195.74;adimplente;05/05/1959;66;60+;0;161-200
205;Erick da Costa;hrodrigues@nascimento.net;+55 41 8515 8456;Vieira Alegre;SE;28/04/2025;129.98;adimplente;24/09/2001;24;19-30;0;121-160
206;Ana Julia Novaes;fcavalcanti@ig.com.br;+55 51 4323 7974;Souza das Flores;SE;13/01/2025;81.62;adimplente;24/06/1988;37;31-45;0;81-120
207;Sr. Luiz Gustavo Souza;luana45@yahoo.com.br;(071) 1105-0481;Ribeiro;RS;02/01/2025;179.74;adimplente;19/07/1969;56;46-60;0;161-200
208;Sabrina Cunha;maria-alice51@gomes.com;+55 (071) 2458 0822;Rezende;PA;07/11/2024;175.35;adimplente;28/02/1989;36;31-45;0;161-200
209;Diego Mendes;laragao@uol.com.br;61 7144-5519;Monteiro do Amparo;PR;14/07/2025;130.66;adimplente;23/07/1968;57;46-60;0;121-160
210;Sr. Leandro Alves;da-cunhajoao-miguel@nascimento.org;+55 (041) 0538 3152;Carvalho;DF;24/06/2025;146.98;adimplente;18/02/2001;24;19-30;0;121-160
211;André Pires;fogacamaria-clara@bol.com.br;61 1756 3220;Moreira da Serra;MT;09/07/2025;162.03;adimplente;23/10/1993;32;31-45;0;161-200
212;Benício Fernandes;barbosalucas@costela.com;+55 (031) 9062 3405;Novaes;RO;22/12/2024;53.56;adimplente;05/11/1977;48;46-60;0;0-80
213;Cauã Caldeira;costelaluiza@cunha.br;51 7882 1897;Cunha de Silveira;GO;15/07/2025;55.68;adimplente;12/01/2001;24;19-30;0;0-80
214;Isabel Teixeira;da-costaandre@ig.com.br;+55 84 6727-8848;Rodrigues do Galho;SP;23/06/2025;58.14;adimplente;02/01/1985;40;31-45;0;0-80
215;Sra. Luiza Rezende;da-matagiovanna@ig.com.br;+55 81 5898 7710;Alves da Serra;BA;18/04/2025;133.71;adimplente;09/01/1956;69;60+;0;121-160
216;Dra. Marcela Lopes;wjesus@uol.com.br;+55 71 8697-7341;Dias de Farias;AM;16/11/2024;173.24;adimplente;26/05/1984;41;31-45;0;161-200
217;Luna Porto;maria-clara64@aragao.com;0900 851 3820;Aragão Grande;RO;25/04/2025;111.14;adimplente;18/02/1967;58;46-60;0;81-120
218;Luiz Fernando das Neves;vsales@uol.com.br;+55 41 4541 0626;Moreira de Nogueira;ES;25/09/2024;144.53;adimplente;03/10/1968;57;46-60;0;121-160
219;Ian Costa;daniel33@fogaca.com;+55 31 4009 9985;Carvalho da Mata;TO;12/06/2025;97.46;adimplente;29/08/1972;53;46-60;0;81-120
220;Pedro Henrique Porto;vicente32@da.com;(041) 5452-3397;Viana;TO;09/07/2025;150.99;adimplente;16/08/1959;66;60+;0;121-160
221;Alice Nunes;eduarda78@gmail.com;21 5689-9621;Souza;RO;04/12/2024;50.88;adimplente;06/12/2001;24;19-30;0;0-80
222;Vitor Hugo Sales;leticia66@campos.com;0500-155-3181;Mendes;PE;29/06/2025;163.39;adimplente;10/07/2003;22;19-30;0;161-200
223;Dr. Luiz Henrique da Luz;milena07@hotmail.com;21 5203 4359;Melo;SP;15/05/2025;155.13;adimplente;03/02/2001;24;19-30;0;121-160
224;Catarina Mendes;da-rosamarina@yahoo.com.br;+55 81 1972 7152;Teixeira;RO;11/11/2024;103.66;adimplente;30/06/1962;63;60+;0;81-120
225;Yuri da Mota;gomesmarcos-vinicius@moreira.br;+55 21 3032-8734;Moreira;MS;18/12/2024;65.92;adimplente;27/07/1980;45;31-45;0;0-80
226;Esther Fogaça;nina64@gmail.com;+55 (081) 2375-2915;Ramos;MT;30/11/2024;140.98;adimplente;08/05/1982;43;31-45;0;121-160
227;Sophia Oliveira;leandro86@da.com;(011) 0468 0445;Gomes;MA;27/11/2024;164.79;adimplente;04/05/1968;57;46-60;0;161-200
228;Kaique Rezende;rezendebeatriz@lima.br;+55 (071) 5476 0448;Silveira do Norte;DF;28/06/2025;107.21;adimplente;03/11/2004;21;19-30;0;81-120
229;Kaique Gomes;moraesana-sophia@uol.com.br;+55 (041) 4299 1965;Novaes;SP;09/11/2024;121.1;adimplente;30/09/1959;66;60+;0;121-160
230;Luiz Gustavo da Conceição;julialopes@fogaca.com;41 1585-3793;Alves;TO;23/01/2025;82.98;adimplente;11/07/1972;53;46-60;0;81-120
231;Lara Nunes;nascimentoemanuella@moura.net;(021) 2645-2168;Jesus do Campo;RJ;01/04/2025;169.52;adimplente;24/08/1958;67;60+;0;161-200
232;Joana Cunha;pirespedro-lucas@silveira.br;(061) 6698-0970;Almeida;AC;27/07/2025;94.25;adimplente;05/09/1994;31;31-45;0;81-120
233;Henrique Souza;goncalvesemilly@gmail.com;61 6868 7706;Pereira da Serra;RO;01/11/2024;94.71;adimplente;17/02/1974;51;46-60;0;81-120
234;Luiz Miguel Caldeira;tmoraes@gmail.com;+55 (071) 8041-9289;Nunes;PB;23/08/2024;193.61;adimplente;09/08/2006;19;19-30;0;161-200
235;Raquel Fogaça;stella55@barros.com;(021) 5105-6028;Moreira do Amparo;MG;01/12/2024;133.03;adimplente;22/10/1957;68;60+;0;121-160
236;Maria Clara Moraes;amanda63@moreira.org;+55 (011) 0416-6633;Nascimento das Pedras;RS;19/11/2024;71.21;adimplente;10/11/2003;22;19-30;0;0-80
237;Milena Rezende;pedro-miguel03@uol.com.br;(021) 0185-6301;Caldeira da Prata;PR;26/08/2024;50.75;adimplente;01/04/1972;53;46-60;0;0-80
238;Emanuel Duarte;klima@uol.com.br;+55 21 9068-8287;Oliveira da Praia;PB;22/03/2025;130.57;adimplente;20/12/1999;26;19-30;0;121-160
239;João Lucas Cardoso;maria-luiza79@fernandes.org;+55 84 6174-8754;Farias;SC;14/04/2025;95.7;adimplente;03/10/1976;49;46-60;0;81-120
240;Miguel Martins;luiz-gustavofogaca@lopes.com;11 2504 8409;Correia de Nunes;GO;09/12/2024;81.76;adimplente;15/08/1961;64;60+;0;81-120
241;Thomas Costa;vda-mata@bol.com.br;(051) 1464-0820;da Paz do Norte;SP;18/07/2025;71.37;adimplente;05/02/1991;34;31-45;0;0-80
242;Sra. Isis Gomes;maria-ceciliamartins@hotmail.com;+55 (084) 2250-4908;da Conceição;MS;07/07/2025;83.12;adimplente;06/12/1984;41;31-45;0;81-120
243;Sra. Giovanna Cavalcanti;raquelrocha@hotmail.com;(084) 4763 0092;Freitas da Prata;BA;26/03/2025;79.15;adimplente;03/05/1991;34;31-45;0;0-80
244;Pedro Miguel Costela;aazevedo@hotmail.com;0900-198-6187;Cardoso;RJ;04/10/2024;150.65;adimplente;16/09/1956;69;60+;0;121-160
245;Dr. Joaquim Cavalcanti;pdias@cardoso.com;+55 (071) 9670-9426;Ramos;PE;20/12/2024;177.84;adimplente;14/05/1958;67;60+;0;161-200
246;Davi Luiz Pereira;marceloteixeira@uol.com.br;(061) 3108-9167;Ramos Verde;RJ;27/10/2024;119.19;adimplente;17/04/1958;67;60+;0;81-120
247;Nicole Teixeira;clarice79@almeida.net;+55 84 0194-8149;Rodrigues;AC;17/06/2025;60.97;adimplente;24/07/2001;24;19-30;0;0-80
248;Cauê Santos;carvalhojulia@yahoo.com.br;71 0689-9084;Azevedo;AL;30/12/2024;87.6;adimplente;23/11/1989;36;31-45;0;81-120
249;Esther Nunes;emanuella27@da.com;+55 61 7260-4858;Ramos Verde;RO;05/12/2024;158.84;adimplente;24/11/1963;62;60+;0;121-160
250;Rafael Caldeira;anthonylopes@rodrigues.br;+55 51 3558 9866;Campos do Amparo;PB;01/12/2024;192.73;adimplente;26/07/1975;50;46-60;0;161-200
251;Mariana Viana;olivia59@monteiro.com;+55 71 4423 4349;da Paz;ES;11/01/2025;69.23;adimplente;25/07/1986;39;31-45;0;0-80
252;Clara da Rocha;vrocha@porto.br;+55 81 6265 5623;Moreira Paulista;RJ;09/11/2024;65.01;adimplente;05/05/2001;24;19-30;0;0-80
253;Isabella Aragão;martinsmarcos-vinicius@yahoo.com.br;+55 (051) 9309-1916;Caldeira;RR;10/06/2025;185.02;adimplente;04/02/1979;46;46-60;0;161-200
254;Maria Fernanda Souza;pereiraana-luiza@ferreira.br;+55 (061) 5348 8229;Alves;PR;21/11/2024;122.88;adimplente;23/02/1978;47;46-60;0;121-160
255;Ana Vitória Monteiro;alexia55@uol.com.br;(051) 8360 1589;Nogueira;RR;02/07/2025;142.45;adimplente;07/03/1980;45;31-45;0;121-160
256;Srta. Milena Porto;caldeiralucas-gabriel@silva.net;+55 (051) 6876-5429;Cunha;MA;12/02/2025;154.02;adimplente;07/12/1993;32;31-45;0;121-160
257;Ryan Silva;ana-juliasouza@das.com;84 5164 0482;Silveira;MA;07/02/2025;134.83;adimplente;27/11/1974;51;46-60;0;121-160
258;Luiza Monteiro;sarah24@costela.com;0800 843 2666;Peixoto de Goiás;GO;16/06/2025;171.15;adimplente;07/03/1969;56;46-60;0;161-200
259;Bryan Gomes;vitor-hugoribeiro@freitas.com;(084) 2419-6862;Martins;CE;09/06/2025;75.3;adimplente;04/07/1979;46;46-60;0;0-80
260;Dr. Benício Alves;ramosvinicius@rezende.net;+55 31 6303-0094;Nogueira;PB;22/10/2024;86.93;adimplente;25/09/1987;38;31-45;0;81-120
261;Renan Silveira;nrodrigues@novaes.com;(031) 4644-7250;Monteiro;MT;25/04/2025;156.83;adimplente;24/06/1968;57;46-60;0;121-160
262;Diego Costela;marinapeixoto@yahoo.com.br;+55 61 4262 2682;Caldeira;CE;11/07/2025;91.5;adimplente;10/05/1975;50;46-60;0;81-120
263;Sra. Helena Jesus;roliveira@ig.com.br;0800-518-1542;Souza;AP;16/09/2024;70.15;adimplente;10/11/1977;48;46-60;0;0-80
264;João Guilherme Farias;maria-alicelima@costa.com;+55 (011) 7028 7697;Martins de Minas;SE;25/07/2025;181.68;adimplente;30/01/1966;59;46-60;0;161-200
265;Raul Sales;uda-costa@nascimento.com;(071) 8568-9358;da Mota;MS;09/08/2024;116.8;adimplente;14/03/1980;45;31-45;0;81-120
266;Dra. Mirella Alves;vianabenicio@goncalves.net;81 6683 3978;Costela;PI;17/05/2025;123.05;adimplente;03/11/1997;28;19-30;0;121-160
267;Júlia da Costa;heitorsales@bol.com.br;0500-035-0230;da Cruz de Ramos;CE;02/10/2024;76.37;adimplente;01/04/2000;25;19-30;0;0-80
268;João Guilherme Moreira;nicole48@azevedo.org;+55 81 7771 8521;Pinto;DF;14/08/2024;176.27;adimplente;17/01/1995;30;19-30;0;161-200
269;Laura Pinto;ana-luiza41@mendes.com;+55 (061) 8020 6447;Araújo;PR;22/11/2024;183.69;adimplente;25/12/1989;36;31-45;0;161-200
270;Carolina Barros;noah10@yahoo.com.br;+55 84 2436 3406;Farias;BA;28/09/2024;89.49;adimplente;29/09/2000;25;19-30;0;81-120
271;Yago Jesus;dfarias@uol.com.br;(081) 8056 5207;Alves;AM;14/03/2025;159.11;adimplente;07/12/2005;20;19-30;0;121-160
272;Henrique Oliveira;joao-pedroaragao@ig.com.br;(011) 0653-0577;Gonçalves Alegre;PE;02/04/2025;177.44;adimplente;21/10/2004;21;19-30;0;161-200
273;Sra. Clarice Correia;joao-miguel07@bol.com.br;51 0981 8291;Monteiro da Mata;MS;30/03/2025;171.9;adimplente;02/09/1955;70;60+;0;161-200
274;Giovanna Ferreira;diogo94@gmail.com;0300-823-1640;Dias;SC;23/02/2025;110.77;adimplente;08/07/1988;37;31-45;0;81-120
275;Luiz Felipe Azevedo;cavalcantistella@campos.org;0800-193-6742;Azevedo;RS;01/11/2024;185.95;adimplente;13/02/1958;67;60+;0;161-200
276;Juan Araújo;paulosouza@da.br;21 8215 1142;Pereira da Serra;SC;21/10/2024;89.09;adimplente;10/03/1959;66;60+;0;81-120
277;Ana Beatriz Porto;ycosta@uol.com.br;(041) 8424-6942;Pereira Verde;RO;14/10/2024;120.82;adimplente;09/04/1994;31;31-45;0;121-160
278;Sr. Gustavo Aragão;gabriela57@da.com;+55 31 3962 4800;Ribeiro de Moraes;AM;07/03/2025;104.87;adimplente;28/07/1987;38;31-45;0;81-120
279;Fernanda Rezende;holiveira@viana.org;0800 688 8576;Mendes das Pedras;PE;17/02/2025;183.72;adimplente;01/07/1981;44;31-45;0;161-200
280;Samuel da Cruz;luiz-miguel95@silveira.com;(021) 7316 2022;Nascimento dos Dourados;PA;16/12/2024;70.08;adimplente;25/08/1962;63;60+;0;0-80
281;Sr. Francisco Viana;usantos@uol.com.br;11 6084 1301;Nunes de da Rocha;SP;17/05/2025;126.56;adimplente;04/01/1972;53;46-60;0;121-160
282;Mariane Melo;franciscocardoso@gmail.com;11 2309 5151;Nascimento;SE;26/12/2024;104.58;adimplente;27/08/2006;19;19-30;0;81-120
283;Maria Julia Cunha;kamillysouza@ig.com.br;+55 (051) 4061-9708;Souza da Praia;DF;28/11/2024;149.4;adimplente;22/09/1992;33;31-45;0;121-160
284;Laís Barbosa;correiamaysa@hotmail.com;0800 505 9440;Rezende de Rodrigues;RN;16/06/2025;163.58;adimplente;05/01/1995;30;19-30;0;161-200
285;Raul Dias;mariapeixoto@das.com;+55 (051) 1715-0071;Correia Paulista;RN;04/03/2025;116.93;adimplente;14/07/1991;34;31-45;0;81-120
286;Lucas Gabriel Costela;cviana@peixoto.br;(041) 8961 5597;Ferreira de Teixeira;RS;22/02/2025;134.95;adimplente;04/11/1956;69;60+;0;121-160
287;Eloah Ferreira;rafaela60@da.br;21 1060-8046;Lima da Praia;AM;08/10/2024;148.91;adimplente;28/06/1994;31;31-45;0;121-160
288;Evelyn Silva;iduarte@bol.com.br;+55 81 8947-1026;Santos da Serra;RO;08/10/2024;160.39;adimplente;24/03/1964;61;60+;0;161-200
289;Diogo Caldeira;mariane97@yahoo.com.br;+55 (071) 2400-0702;Carvalho;CE;24/02/2025;190.88;adimplente;24/12/2003;22;19-30;0;161-200
290;Raul Martins;emendes@uol.com.br;61 9686 2822;Ramos da Mata;AM;27/11/2024;82.82;adimplente;09/11/1963;62;60+;0;81-120
291;Rafael Aragão;almeidaotavio@costela.br;51 1436 3076;Moura de Goiás;MT;02/10/2024;84.76;adimplente;21/11/1983;42;31-45;0;81-120
292;Sr. Gabriel Castro;nicolerodrigues@rezende.br;(021) 4977 3756;Rocha;BA;21/06/2025;105.42;adimplente;07/10/2003;22;19-30;0;81-120
293;Davi Lucca Monteiro;da-luzjoao-pedro@yahoo.com.br;+55 (084) 4744 6082;Monteiro;AM;03/01/2025;150.29;adimplente;21/02/1961;64;60+;0;121-160
294;Clarice Cardoso;ugoncalves@gmail.com;+55 (011) 4888 0792;Cardoso;TO;05/10/2024;186.16;adimplente;13/03/1975;50;46-60;0;161-200
295;Carlos Eduardo Jesus;ana-beatrizoliveira@yahoo.com.br;+55 (021) 4896-9157;Santos;RN;02/06/2025;108.21;adimplente;26/10/1966;59;46-60;0;81-120
296;Sarah Lopes;qduarte@hotmail.com;41 3063-0350;Pires de Alves;MS;30/04/2025;182.23;adimplente;10/01/2004;21;19-30;0;161-200
297;Milena Nascimento;felipe00@porto.net;+55 (084) 3766 5785;da Costa;ES;31/10/2024;197.09;adimplente;13/07/1978;47;46-60;0;161-200
298;Júlia Ribeiro;oda-rosa@almeida.br;+55 51 7512 0904;da Cruz do Campo;GO;24/10/2024;65.48;adimplente;30/10/1960;65;60+;0;0-80
299;Benjamin Rodrigues;barrosmariane@ramos.com;+55 71 7800 4447;Costa da Praia;TO;26/05/2025;145.04;adimplente;26/01/1983;42;31-45;0;121-160
300;Diogo Dias;maitealmeida@pinto.com;+55 (021) 0510-9329;da Rosa de Rodrigues;TO;06/07/2025;175.23;adimplente;25/12/1983;42;31-45;0;161-200
301;Marina Souza;noahporto@uol.com.br;31 1507-1322;Farias de da Rosa;RN;19/02/2025;136.79;adimplente;14/06/1956;69;60+;0;121-160
302;Diego Farias;daniel07@silveira.br;0800-476-5015;Silva;PB;29/09/2024;76.08;adimplente;24/08/1973;52;46-60;0;0-80
303;João Guilherme Correia;ofernandes@hotmail.com;(021) 7700 9329;Novaes do Campo;PA;17/04/2025;104.79;adimplente;15/08/2000;25;19-30;0;81-120
304;Sra. Maria Fernanda Rodrigues;samuelaraujo@bol.com.br;61 5514 5050;Cavalcanti da Praia;SP;23/04/2025;127.5;adimplente;04/11/1973;52;46-60;0;121-160
305;Fernanda Barros;almeidalevi@pereira.br;61 6033-9930;Gomes;GO;12/08/2024;195.9;adimplente;11/08/1987;38;31-45;0;161-200
306;Calebe Sales;rochaleonardo@ig.com.br;(051) 1999 9126;Teixeira Paulista;RJ;17/10/2024;127.46;adimplente;12/12/1975;50;46-60;0;121-160
307;João Miguel Rocha;elisarezende@gmail.com;0800 143 5427;Freitas Paulista;MT;06/12/2024;172.59;adimplente;25/08/1976;49;46-60;0;161-200
308;Vitória Campos;iteixeira@da.org;+55 (041) 8615-6779;Ribeiro Alegre;PI;13/05/2025;123.03;adimplente;09/05/1964;61;60+;0;121-160
309;Gabriel Costa;rebeca88@da.br;(031) 5978-7557;Moreira;SE;02/04/2025;183.08;adimplente;05/01/2007;18;0-18;0;161-200
310;Lara da Rosa;gustavo-henrique66@gmail.com;(021) 0910 3198;da Cruz;TO;12/01/2025;125.28;adimplente;20/02/1995;30;19-30;0;121-160
311;Dr. Cauê Fernandes;samuelmendes@bol.com.br;+55 61 8070-7063;Cardoso;MT;09/04/2025;115.98;adimplente;21/12/1986;39;31-45;0;81-120
312;Sarah Aragão;luiz-henriquealves@gmail.com;(084) 4086-5965;Dias da Prata;RO;02/10/2024;61.56;adimplente;31/05/1982;43;31-45;0;0-80
313;Helena Nogueira;enzocampos@gmail.com;+55 31 6523 2935;Aragão;BA;25/01/2025;81.73;adimplente;02/11/1990;35;31-45;0;81-120
314;Heitor Costa;zcardoso@bol.com.br;+55 (031) 0636 3977;das Neves;MG;30/04/2025;73.6;adimplente;27/12/1996;29;19-30;0;0-80
315;Sophia Melo;sda-cruz@ig.com.br;41 1015 4231;Gonçalves;RN;18/03/2025;149.17;adimplente;29/05/1970;55;46-60;0;121-160
316;Isabel Moraes;da-matafernando@uol.com.br;51 4189 6648;Pereira do Norte;MA;24/09/2024;171.68;adimplente;09/06/1997;28;19-30;0;161-200
317;Ana Lívia Souza;moreiraheitor@pereira.net;+55 81 6897 3769;Cardoso;MS;10/03/2025;122.23;adimplente;25/08/1964;61;60+;0;121-160
318;João Vitor Viana;peixotoana-laura@silveira.com;+55 84 1782 8858;Novaes;ES;22/07/2025;121.85;adimplente;20/02/1993;32;31-45;0;121-160
319;Mariana Almeida;gomesmaria-vitoria@yahoo.com.br;61 5836 9436;da Cunha;RN;30/04/2025;147.09;adimplente;28/09/1970;55;46-60;0;121-160
320;Dr. Danilo Castro;kamilly10@uol.com.br;+55 (084) 5372-7494;Almeida de Monteiro;AL;05/10/2024;53.37;adimplente;26/09/2003;22;19-30;0;0-80
321;Ana Vitória Silveira;xpereira@caldeira.org;+55 (081) 4437-2804;da Rosa;RJ;05/02/2025;69.18;adimplente;24/02/1993;32;31-45;0;0-80
322;Dr. Pedro Lucas Alves;leonardo02@uol.com.br;71 3101-5645;Oliveira do Oeste;BA;13/06/2025;70.21;adimplente;12/08/1961;64;60+;0;0-80
323;Lavínia Rocha;jdas-neves@yahoo.com.br;(011) 8634-8752;Ramos;PB;21/12/2024;55.88;adimplente;06/04/1956;69;60+;0;0-80
324;João Pedro Fogaça;sfarias@bol.com.br;41 7088-7331;Novaes;DF;26/04/2025;72.03;adimplente;06/09/1992;33;31-45;0;0-80
325;Camila Novaes;kevin95@castro.com;0300-520-1289;Araújo Grande;SE;09/04/2025;88.74;adimplente;15/06/1991;34;31-45;0;81-120
326;Luiz Fernando da Cunha;nnovaes@gmail.com;+55 (081) 1882 7182;Oliveira;MG;07/02/2025;127.5;adimplente;26/03/1971;54;46-60;0;121-160
327;Sr. Bernardo Silveira;da-matarodrigo@rodrigues.com;+55 61 3409-5259;da Paz da Mata;BA;20/01/2025;139.9;adimplente;15/01/1957;68;60+;0;121-160
328;Cecília Duarte;rezendevinicius@aragao.net;+55 (051) 8072-8591;Pires Alegre;PB;25/06/2025;145.64;adimplente;05/03/1982;43;31-45;0;121-160
329;Francisco Carvalho;azevedoclarice@carvalho.com;+55 11 1365 4065;da Paz;PE;07/12/2024;192.09;adimplente;04/03/1988;37;31-45;0;161-200
330;Alexandre Fernandes;sgomes@yahoo.com.br;31 1310 7218;Ferreira de Nogueira;PE;13/12/2024;117.38;adimplente;24/04/1965;60;46-60;0;81-120
331;Dra. Elisa Dias;costamarina@bol.com.br;+55 (081) 3585 8872;da Costa;TO;01/07/2025;180.1;adimplente;20/04/1992;33;31-45;0;161-200
332;Maria Cecília Fernandes;da-pazana-livia@bol.com.br;+55 51 3241 7732;Souza de Minas;SE;23/04/2025;82.9;adimplente;02/10/1970;55;46-60;0;81-120
333;Larissa Nascimento;jesusdaniel@da.br;+55 84 8975-5847;Gonçalves;RN;25/07/2025;140.13;adimplente;16/04/1991;34;31-45;0;121-160
334;Brenda Melo;brenofogaca@bol.com.br;+55 84 4508-1673;Castro;MT;07/01/2025;143.48;adimplente;11/10/1961;64;60+;0;121-160
335;Juliana Campos;rezendeesther@duarte.br;0800-014-2205;Campos;TO;23/01/2025;89.68;adimplente;11/11/1976;49;46-60;0;81-120
336;Beatriz Lopes;yalves@gmail.com;+55 (041) 6377-1946;da Mota dos Dourados;RJ;19/11/2024;188.35;adimplente;06/06/2001;24;19-30;0;161-200
337;Júlia Almeida;dferreira@mendes.org;+55 (081) 3955-5089;da Costa de Nunes;RN;12/11/2024;84.47;adimplente;09/01/1973;52;46-60;0;81-120
338;Alice da Cunha;uteixeira@gmail.com;+55 31 2255 6702;da Rosa;MA;23/10/2024;69.83;adimplente;13/02/2006;19;19-30;0;0-80
339;Dr. Rodrigo Fogaça;drocha@ig.com.br;11 3402-1688;Aragão do Oeste;ES;28/08/2024;80.35;adimplente;11/05/1962;63;60+;0;81-120
340;Maria Luiza Cavalcanti;evelyn15@rezende.net;+55 (051) 0650 7187;Carvalho;PA;12/08/2024;152.66;adimplente;10/03/1994;31;31-45;0;121-160
341;Srta. Olivia Lima;ana-beatriz27@lopes.br;+55 61 4046 1868;da Cruz Verde;AC;27/07/2025;140.83;adimplente;09/09/1991;34;31-45;0;121-160
342;João Gabriel Rodrigues;carolinemelo@araujo.br;+55 (011) 7532 0672;Correia;SE;16/09/2024;121.38;adimplente;07/02/2004;21;19-30;0;121-160
343;João Guilherme Campos;tlima@uol.com.br;+55 21 3781-5449;Caldeira;PI;28/04/2025;181.66;adimplente;06/12/1959;66;60+;0;161-200
344;Sabrina Pires;gomesluiz-otavio@ig.com.br;(071) 5000-7465;Sales;RJ;22/10/2024;125.5;adimplente;23/01/1997;28;19-30;0;121-160
345;Natália Freitas;leonardosilva@yahoo.com.br;41 4075-3634;Mendes da Mata;DF;26/03/2025;63.98;adimplente;30/11/1995;30;19-30;0;0-80
346;Igor Castro;eloaharaujo@freitas.com;+55 21 8007 3335;Ferreira Paulista;AP;27/11/2024;185.3;adimplente;23/03/1959;66;60+;0;161-200
347;Heitor Teixeira;pcostela@da.br;+55 (081) 2802-6064;Rezende Paulista;BA;21/08/2024;174.13;adimplente;22/11/1968;57;46-60;0;161-200
348;Ana Sophia Lopes;isadora20@yahoo.com.br;(071) 2844-0270;Cavalcanti dos Dourados;CE;01/02/2025;128.31;adimplente;18/05/1974;51;46-60;0;121-160
349;Srta. Yasmin da Costa;thomas31@santos.org;+55 (071) 9273-6689;Costela;MS;15/04/2025;181.22;adimplente;27/01/1960;65;60+;0;161-200
350;Valentina Nascimento;joao-guilhermenascimento@da.org;+55 51 8065 0892;Lopes;RR;16/06/2025;114.34;adimplente;08/05/1964;61;60+;0;81-120
351;Sabrina Ramos;vinicius06@lopes.br;0500-430-5811;Nogueira;SC;23/10/2024;168.43;adimplente;27/05/1973;52;46-60;0;161-200
352;Elisa Campos;melobenjamin@yahoo.com.br;(084) 3820-3210;Correia;RO;17/11/2024;102.58;adimplente;02/12/1955;70;60+;0;81-120
353;Igor Novaes;qsales@da.br;(084) 8841-5315;Moraes;RR;05/09/2024;64.66;adimplente;05/08/1995;30;19-30;0;0-80
354;Sr. Gabriel Moura;gabrieladias@silveira.com;+55 81 1166 5520;Moreira;AL;07/12/2024;88.18;adimplente;30/09/1986;39;31-45;0;81-120
355;Maria Vitória Martins;da-pazlorena@pires.net;0500-820-5627;da Conceição Paulista;GO;08/10/2024;186.51;adimplente;01/02/2000;25;19-30;0;161-200
356;Emanuella Cunha;azevedoluna@bol.com.br;+55 71 6802 7137;Pires;PR;25/10/2024;92.49;adimplente;29/10/1958;67;60+;0;81-120
357;Ana Gonçalves;qpires@ig.com.br;(021) 4644 0455;Barbosa;MA;02/08/2025;111.3;adimplente;25/08/1990;35;31-45;0;81-120
358;Thales Monteiro;naraujo@monteiro.br;21 5343 3657;Campos;RR;30/05/2025;50.82;adimplente;19/12/2006;19;19-30;0;0-80
359;Sr. Henrique Barbosa;psantos@cardoso.com;84 4128-2027;da Luz;PE;04/04/2025;136.7;adimplente;12/01/1997;28;19-30;0;121-160
360;Beatriz Pereira;joao-gabriel36@araujo.br;(031) 5142-8019;Cunha;MA;07/06/2025;127.96;adimplente;17/12/1973;52;46-60;0;121-160
361;Cecília Silveira;da-pazdaniela@lima.org;(071) 3286 9034;Dias;RJ;19/07/2025;148.18;adimplente;07/04/1979;46;46-60;0;121-160
362;Sra. Isabel Lopes;clariceramos@viana.com;71 0956 2216;Azevedo;MG;19/12/2024;111.33;adimplente;16/01/1998;27;19-30;0;81-120
363;Yuri Nunes;da-matabenicio@nunes.com;11 9470 8882;Barbosa;TO;26/12/2024;73.22;adimplente;06/11/1984;41;31-45;0;0-80
364;Marcelo Martins;mpinto@cardoso.com;+55 (061) 3105 3198;Sales da Prata;PR;15/12/2024;89.2;adimplente;05/07/1959;66;60+;0;81-120
365;Fernanda Dias;enrico99@gmail.com;0500-704-6674;Nunes;PE;16/08/2024;113.53;adimplente;20/10/1974;51;46-60;0;81-120
366;Gustavo Pereira;maysaazevedo@gmail.com;61 8049 7252;da Cruz;AL;23/06/2025;141.78;adimplente;13/12/1971;54;46-60;0;121-160
367;Sabrina Cardoso;ugomes@yahoo.com.br;(051) 5171 1395;Melo;PR;12/05/2025;163.25;adimplente;14/07/1970;55;46-60;0;161-200
368;Dra. Julia Lima;cunhahelena@almeida.com;+55 (061) 8303 7159;Nascimento do Oeste;BA;07/08/2024;132.82;adimplente;01/08/1957;68;60+;0;121-160
369;Maria Fernanda Duarte;mda-luz@ramos.org;11 0445-9376;Moraes da Mata;AC;30/03/2025;122.37;adimplente;23/05/1974;51;46-60;0;121-160
370;Pietro da Mota;ramosjoaquim@goncalves.com;0800-423-0666;Ferreira da Mata;CE;24/05/2025;133.86;adimplente;16/03/1964;61;60+;0;121-160
371;Igor Melo;ybarros@hotmail.com;+55 81 4932-2695;Souza da Serra;RR;08/02/2025;88.07;adimplente;04/02/1980;45;31-45;0;81-120
372;Maria Vitória Souza;silveirajoao-vitor@da.org;+55 (061) 7315 3035;Costa dos Dourados;MS;22/04/2025;136.65;adimplente;21/11/1971;54;46-60;0;121-160
373;Dr. Thomas Cunha;bda-mata@rocha.com;(021) 0010-0434;Cardoso do Amparo;AL;10/06/2025;160.37;adimplente;02/12/1996;29;19-30;0;161-200
374;Srta. Ana Júlia Pereira;cunhasarah@yahoo.com.br;+55 11 1344-3741;Nascimento;RR;15/11/2024;162.17;adimplente;16/07/1967;58;46-60;0;161-200
375;Isabelly Porto;ana-julia16@duarte.com;(051) 3172-9564;da Mata de Minas;AC;01/10/2024;167.47;adimplente;02/02/1993;32;31-45;0;161-200
376;Sra. Mariane Pereira;sabrinaalves@uol.com.br;(031) 0584 3952;Moraes;MG;10/11/2024;65.04;adimplente;31/12/1961;64;60+;0;0-80
377;Isabelly Moura;rcavalcanti@melo.net;0800-200-6782;Sales;RJ;23/06/2025;110.08;adimplente;30/03/1977;48;46-60;0;81-120
378;Yuri Barros;talmeida@azevedo.com;51 3820 5618;Costela;RS;31/03/2025;170.13;adimplente;08/12/2002;23;19-30;0;161-200
379;Joaquim da Costa;ffreitas@fernandes.br;0300 022 0696;da Rosa;AL;16/06/2025;74.11;adimplente;17/02/2007;18;0-18;0;0-80
380;João Miguel Rocha;vitor60@bol.com.br;+55 84 3813 6473;Barros;ES;11/11/2024;170.66;adimplente;26/07/1994;31;31-45;0;161-200
381;Ana Julia Ramos;vieiramaria-eduarda@sales.com;+55 11 8731 3735;Jesus Paulista;PE;31/12/2024;120.75;adimplente;18/07/1968;57;46-60;0;121-160
382;Lívia Oliveira;kamillycardoso@aragao.net;+55 (084) 4289 1774;da Luz;AC;05/10/2024;63.22;adimplente;02/01/1984;41;31-45;0;0-80
383;Davi Luiz Aragão;lara84@uol.com.br;61 3748 0294;Jesus;PE;09/01/2025;83.27;adimplente;04/06/2000;25;19-30;0;81-120
384;Vinicius Carvalho;lucas-gabriel05@viana.com;41 3520 9933;Nogueira;RS;18/05/2025;141.35;adimplente;15/02/1973;52;46-60;0;121-160
385;Isabel Souza;carvalhobryan@rezende.org;0900 270 6215;Castro de Nascimento;TO;14/07/2025;189.6;adimplente;30/08/1971;54;46-60;0;161-200
386;Carlos Eduardo Silva;usilveira@da.org;+55 (084) 5643-3628;da Costa;RS;11/10/2024;142.09;adimplente;11/11/1960;65;60+;0;121-160
387;Evelyn Rezende;oliveiraanthony@yahoo.com.br;+55 (084) 0520 4699;Dias;MS;20/10/2024;92.97;adimplente;14/06/2002;23;19-30;0;81-120
388;João Lucas Novaes;ana-clara13@gmail.com;+55 84 2037-7670;Carvalho do Sul;MG;26/06/2025;191.86;adimplente;18/11/1991;34;31-45;0;161-200
389;Dra. Nina da Mata;eloah64@ig.com.br;0900-841-5398;Costela da Mata;PI;16/10/2024;146.04;adimplente;22/03/1968;57;46-60;0;121-160
390;Alice Moraes;samueloliveira@almeida.br;41 7446 3456;Cavalcanti do Campo;PR;21/05/2025;51.61;adimplente;13/02/1961;64;60+;0;0-80
391;Sarah Farias;alexandrecardoso@rodrigues.com;71 3864-6225;Silveira;PB;24/05/2025;92.9;adimplente;03/08/2004;21;19-30;0;81-120
392;Rafaela da Rocha;samuelaraujo@cavalcanti.br;71 6507 3978;Costela de Correia;RO;30/11/2024;167.59;adimplente;20/10/1961;64;60+;0;161-200
393;Helena Oliveira;da-rochamirella@ribeiro.com;+55 71 5488-1375;Azevedo de Fernandes;PI;13/03/2025;127.37;adimplente;27/10/1986;39;31-45;0;121-160
394;Heloísa Santos;igornunes@bol.com.br;+55 (081) 7410-5692;Azevedo Grande;RS;02/10/2024;142.28;adimplente;15/05/2004;21;19-30;0;121-160
395;Ana Luiza Monteiro;goncalvesjoao@ig.com.br;31 1785-0138;Almeida do Galho;SP;17/02/2025;103.96;adimplente;31/07/2007;18;0-18;0;81-120
396;Luiz Henrique Azevedo;joao-gabrielrodrigues@ig.com.br;+55 (011) 6037 0297;Pires;AC;22/08/2024;196.35;adimplente;25/10/1999;26;19-30;0;161-200
397;Maria Fernanda Rocha;mariaramos@ig.com.br;(051) 3936 4883;Sales do Amparo;SP;14/04/2025;199.52;adimplente;09/10/1971;54;46-60;0;161-200
398;Caio da Rocha;diasaugusto@bol.com.br;11 9640-3628;Costa;PA;09/06/2025;102.97;adimplente;26/02/1972;53;46-60;0;81-120
399;Diogo Nunes;cauaramos@correia.br;+55 (021) 3565-0486;Barbosa;AP;09/08/2024;110.82;adimplente;20/08/1989;36;31-45;0;81-120
400;Vitor Gabriel Moura;joanapereira@uol.com.br;+55 84 2672 7572;Cunha de Novaes;MG;18/02/2025;127.66;adimplente;13/06/2001;24;19-30;0;121-160
401;Emilly Pinto;marcelo82@da.com;+55 21 9250 2875;da Conceição da Serra;AL;11/01/2025;187.88;adimplente;19/04/1958;67;60+;0;161-200
402;Isis das Neves;brenolima@hotmail.com;41 3405-6841;Nogueira;PE;02/04/2025;92.67;adimplente;11/06/1957;68;60+;0;81-120
403;Maria Cecília Cardoso;da-cunharenan@bol.com.br;0800-749-9146;das Neves do Norte;MG;22/03/2025;187.25;adimplente;17/05/1976;49;46-60;0;161-200
404;Kaique Jesus;joaocastro@melo.br;71 9242-1734;Peixoto;PE;19/12/2024;102.12;adimplente;19/10/1982;43;31-45;0;81-120
405;Ryan Souza;das-nevesyago@gmail.com;(031) 1729 9746;Ramos;PB;10/09/2024;83.94;adimplente;25/02/1990;35;31-45;0;81-120
406;Maria Julia Aragão;rafaelvieira@yahoo.com.br;+55 (051) 9125 8083;Alves do Oeste;GO;26/12/2024;118.21;adimplente;14/05/1971;54;46-60;0;81-120
407;Rodrigo Pereira;juan07@bol.com.br;(071) 3339 6127;Costa;TO;10/09/2024;136.24;adimplente;07/03/1984;41;31-45;0;121-160
408;Cauã da Rocha;biancanogueira@bol.com.br;+55 (041) 8033 1852;Correia;RO;06/01/2025;76.26;adimplente;10/03/1962;63;60+;0;0-80
409;Yago Aragão;yagoda-costa@hotmail.com;+55 84 4243-7478;Teixeira do Campo;RS;17/10/2024;65.97;adimplente;10/02/2001;24;19-30;0;0-80
410;Vicente Gomes;ajesus@uol.com.br;+55 81 6258 5540;Pinto;AM;23/11/2024;125.48;adimplente;07/02/1977;48;46-60;0;121-160
411;Caio Vieira;thiago96@yahoo.com.br;+55 21 3246 7857;Jesus;MA;11/07/2025;192.05;adimplente;22/07/1961;64;60+;0;161-200
412;Julia Lopes;vianajoao-gabriel@barbosa.com;+55 31 5210-7265;Cardoso;MA;09/03/2025;193.51;adimplente;07/05/1959;66;60+;0;161-200
413;Bianca Cardoso;barroscecilia@yahoo.com.br;31 5645-1778;da Mota da Prata;RR;18/04/2025;171.97;adimplente;11/01/1956;69;60+;0;161-200
414;Stella da Luz;mcorreia@nunes.br;+55 (061) 2867 2811;da Rosa;TO;12/06/2025;87.52;adimplente;19/11/1967;58;46-60;0;81-120
415;Srta. Elisa da Cruz;dribeiro@bol.com.br;+55 11 7236 4299;Moura;PA;09/05/2025;194.91;adimplente;30/01/1957;68;60+;0;161-200
416;Amanda da Luz;bruno15@bol.com.br;31 0758-8123;Jesus de Nogueira;TO;14/08/2024;122.54;adimplente;12/10/1985;40;31-45;0;121-160
417;Emilly Ramos;bbarbosa@uol.com.br;+55 (061) 6110 9590;Teixeira;MT;14/09/2024;163.62;adimplente;10/06/1966;59;46-60;0;161-200
418;Raquel Oliveira;calebe49@sales.net;21 7610 2953;Costa da Prata;CE;04/09/2024;152.24;adimplente;24/02/2005;20;19-30;0;121-160
419;Rebeca Cunha;gustavocampos@silveira.com;51 9145 0153;Pinto Paulista;PR;09/11/2024;122.3;adimplente;22/06/1984;41;31-45;0;121-160
420;Bryan Teixeira;gcosta@martins.net;+55 31 0512 1729;Vieira da Prata;MG;20/09/2024;60.13;adimplente;01/11/1987;38;31-45;0;0-80
421;Pedro Costela;ramosmanuela@ramos.com;0500-659-4914;Ferreira;MS;17/09/2024;151.54;adimplente;23/12/1986;39;31-45;0;121-160
422;Ian Araújo;cviana@monteiro.br;+55 (011) 3541-7182;Silveira da Mata;RO;03/07/2025;170.02;adimplente;09/08/1970;55;46-60;0;161-200
423;Joaquim Peixoto;isadoraaragao@nascimento.com;+55 (084) 4625-7529;Moraes;DF;28/05/2025;193.32;adimplente;08/04/1961;64;60+;0;161-200
424;Sr. Bernardo Peixoto;nsales@gmail.com;+55 81 0578-9710;Novaes;AC;01/10/2024;130.35;adimplente;24/12/1983;42;31-45;0;121-160
425;Raul Carvalho;umonteiro@dias.com;(084) 1750 6679;Peixoto;BA;23/01/2025;87.24;adimplente;06/04/1999;26;19-30;0;81-120
426;Sra. Maria Alice Castro;kjesus@yahoo.com.br;+55 61 8214 6654;Nunes Paulista;AM;20/11/2024;109.84;adimplente;03/12/1976;49;46-60;0;81-120
427;Kamilly Cardoso;jmartins@yahoo.com.br;+55 51 6425 0954;Cavalcanti;RN;09/07/2025;61.4;adimplente;05/08/1991;34;31-45;0;0-80
428;Marcos Vinicius Costela;mnovaes@pereira.br;51 6519 2776;Costa de Monteiro;SC;03/03/2025;121.48;adimplente;21/11/1975;50;46-60;0;121-160
429;Pedro Barros;marcos-vinicius25@gmail.com;+55 (051) 1065 0752;Pereira do Campo;TO;06/01/2025;82.78;adimplente;19/02/1956;69;60+;0;81-120
430;Dra. Luiza Pinto;uviana@ig.com.br;0900 448 2490;da Paz;RN;22/10/2024;90.36;adimplente;18/07/1990;35;31-45;0;81-120
431;Clara Silva;marianealmeida@goncalves.br;(021) 5389 3280;Rodrigues;MG;07/05/2025;124.85;adimplente;10/09/1989;36;31-45;0;121-160
432;Srta. Ana da Paz;pedro83@monteiro.net;0500-029-0930;Barros;ES;04/09/2024;85.23;adimplente;21/11/1985;40;31-45;0;81-120
433;Dr. Juan da Conceição;ana-laura26@yahoo.com.br;71 5917-0836;da Cunha;RN;15/04/2025;180.91;adimplente;20/01/1989;36;31-45;0;161-200
434;Manuela da Rosa;wlima@martins.com;51 6920 4818;Castro;MT;24/04/2025;84.38;adimplente;15/03/1985;40;31-45;0;81-120
435;Vitor Hugo Duarte;gomesluiz-gustavo@ig.com.br;0500-083-7774;Freitas de Minas;AM;15/09/2024;175.45;adimplente;31/08/1975;50;46-60;0;161-200
436;Dra. Bruna Duarte;luna86@yahoo.com.br;+55 (011) 4935 2902;Almeida;CE;02/05/2025;73.4;adimplente;13/01/1998;27;19-30;0;0-80
437;Yasmin Azevedo;tfreitas@bol.com.br;0500 248 1729;da Rosa das Flores;RO;30/03/2025;67.98;adimplente;25/07/2000;25;19-30;0;0-80
438;Vicente Campos;ecosta@moreira.com;+55 21 5347-9457;Fernandes do Galho;BA;10/04/2025;151.37;adimplente;29/05/1963;62;60+;0;121-160
439;Evelyn Jesus;da-cruzpietra@gmail.com;84 6506 3923;Pereira dos Dourados;PA;02/12/2024;142.07;adimplente;10/01/1959;66;60+;0;121-160
440;João Vitor Costa;souzamaria-vitoria@gmail.com;31 4556-1946;Pinto;SP;21/09/2024;193.7;adimplente;03/05/1964;61;60+;0;161-200
441;Laura Ribeiro;ada-rocha@goncalves.com;(081) 3417-0732;Pereira de Goiás;CE;03/01/2025;105.68;adimplente;23/04/1979;46;46-60;0;81-120
442;Amanda Alves;antonio62@bol.com.br;+55 (041) 1228-3701;Vieira de Rocha;BA;16/04/2025;123.85;adimplente;24/01/1956;69;60+;0;121-160
443;Isabelly Gonçalves;zalmeida@yahoo.com.br;+55 51 6555 6315;Alves;AL;29/05/2025;180.32;adimplente;29/07/1963;62;60+;0;161-200
444;Ryan Duarte;marianacosta@caldeira.br;61 8999 5627;Oliveira de Sales;AC;16/03/2025;77.43;adimplente;01/10/1961;64;60+;0;0-80
445;Guilherme Teixeira;caue54@hotmail.com;(021) 3052-6206;Pires da Praia;PE;31/07/2025;92.04;adimplente;06/09/1987;38;31-45;0;81-120
446;Isaac Gonçalves;cauecardoso@cunha.br;(081) 6885-9865;Rodrigues;GO;07/04/2025;162.53;adimplente;06/02/1996;29;19-30;0;161-200
447;Vitor Hugo Silveira;melissaalmeida@pires.com;(031) 5272-0362;Freitas;MT;25/05/2025;58.12;adimplente;22/08/1969;56;46-60;0;0-80
448;Emanuel das Neves;mendesrafaela@rodrigues.br;21 8344 3716;Alves do Galho;RO;02/12/2024;121.75;adimplente;03/02/1959;66;60+;0;121-160
449;Maitê Peixoto;garaujo@uol.com.br;61 5760-2371;Moreira;RJ;20/08/2024;54.88;adimplente;13/06/1976;49;46-60;0;0-80
450;Carolina Novaes;yazevedo@uol.com.br;+55 41 8808 2198;Correia;SE;25/07/2025;109.06;adimplente;04/12/1991;34;31-45;0;81-120
451;Amanda Barros;diegonunes@uol.com.br;+55 (071) 0248-0773;Freitas da Mata;MT;28/10/2024;118.58;adimplente;21/10/1996;29;19-30;0;81-120
452;Enzo Gabriel Carvalho;moreiraguilherme@pereira.org;+55 (021) 6751 2468;Moraes;BA;21/12/2024;154.74;adimplente;01/05/1966;59;46-60;0;121-160
453;Sr. Paulo Farias;stephanyda-rosa@ribeiro.br;51 7736 9107;Moreira;PE;20/05/2025;97.35;adimplente;07/11/2006;19;19-30;0;81-120
454;Benjamin Silva;moreiraluiz-fernando@ramos.com;0900-692-3584;Pinto de da Mota;SP;26/06/2025;51.77;adimplente;12/09/1988;37;31-45;0;0-80
455;Erick Martins;ana-livia23@bol.com.br;0900-578-5486;Melo;PI;02/12/2024;106.91;adimplente;26/07/1998;27;19-30;0;81-120
456;Sarah Viana;luiz-felipe01@das.com;+55 11 9423 0389;Sales;SC;06/02/2025;98.82;adimplente;22/04/1984;41;31-45;0;81-120
457;Isabella Lima;otavioramos@correia.org;+55 31 6620 1174;Melo da Praia;RO;28/01/2025;78.07;adimplente;09/01/1984;41;31-45;0;0-80
458;Benjamin Moura;lucas66@barros.br;+55 71 8345 8631;Rodrigues;SC;31/05/2025;85.57;adimplente;26/04/1965;60;46-60;0;81-120
459;Isabel Souza;costelagabriel@ig.com.br;+55 (021) 4989 8799;Lopes das Pedras;GO;22/01/2025;193.78;adimplente;28/10/1976;49;46-60;0;161-200
460;Ana Lívia Azevedo;eduardo98@ribeiro.br;(041) 0166-9839;Silveira;CE;18/04/2025;104.89;adimplente;10/11/1962;63;60+;0;81-120
461;Luiz Henrique Fernandes;teixeirakaique@da.br;0800-157-7678;Porto Alegre;AC;11/06/2025;113.59;adimplente;03/01/1970;55;46-60;0;81-120
462;Leonardo Gonçalves;nsouza@aragao.br;41 1467 2303;Rocha dos Dourados;SE;29/09/2024;155.11;adimplente;16/03/1974;51;46-60;0;121-160
463;Ana Farias;scunha@azevedo.br;+55 61 2779-1202;da Luz;AM;01/06/2025;104.76;adimplente;01/09/1971;54;46-60;0;81-120
464;Yasmin Cavalcanti;meloana-beatriz@cardoso.br;+55 81 0989-8363;Rezende Alegre;AP;02/03/2025;91.94;adimplente;20/06/1991;34;31-45;0;81-120
465;Otávio Monteiro;erodrigues@hotmail.com;0800-515-2543;Costela;SP;05/11/2024;135.71;adimplente;10/12/1955;70;60+;0;121-160
466;João Barbosa;bernardoalves@ig.com.br;0800 515 6482;Novaes;AM;20/05/2025;152.9;adimplente;24/08/1998;27;19-30;0;121-160
467;Sophie da Luz;ana-livia65@azevedo.br;+55 (031) 1956-1930;Fernandes;MT;02/10/2024;158.12;adimplente;14/06/1986;39;31-45;0;121-160
468;Nina Lima;ydias@bol.com.br;+55 84 6353 6958;Correia;AC;12/03/2025;133.3;adimplente;08/06/1973;52;46-60;0;121-160
469;Isaac da Conceição;xcostela@yahoo.com.br;+55 (041) 9354 9701;da Rocha da Praia;PB;25/04/2025;79.41;adimplente;10/03/1994;31;31-45;0;0-80
470;Srta. Maria Sophia da Paz;moreiraemanuel@mendes.br;+55 (081) 6482 7671;Carvalho do Campo;PB;11/04/2025;120.95;adimplente;24/09/2006;19;19-30;0;121-160
471;Evelyn Farias;maite16@duarte.com;(031) 0837 4209;Oliveira;SC;02/12/2024;76.49;adimplente;14/10/1962;63;60+;0;0-80
472;Isabelly Barros;nda-paz@hotmail.com;21 1683 4551;Pinto de Goiás;PR;01/08/2025;70.17;adimplente;22/03/1961;64;60+;0;0-80
473;Carolina Carvalho;ana-vitorialopes@lima.com;+55 (011) 2123 7851;Rezende Grande;BA;28/01/2025;130.1;adimplente;13/04/1979;46;46-60;0;121-160
474;Sr. Lucca Viana;samuel34@pereira.br;+55 71 1333 3454;Duarte das Pedras;BA;31/08/2024;167.8;adimplente;08/09/1980;45;31-45;0;161-200
475;Srta. Pietra da Costa;martinscarlos-eduardo@bol.com.br;0900-809-1559;Duarte;MT;22/08/2024;87.65;adimplente;30/08/1956;69;60+;0;81-120
476;Dra. Clara da Conceição;silvadaniel@gomes.net;+55 11 0632 8244;Gomes;MS;05/01/2025;57.16;adimplente;22/09/1998;27;19-30;0;0-80
477;Letícia Mendes;joao-vitorlima@nunes.com;+55 21 7723-9917;da Costa;SC;23/05/2025;153.58;adimplente;21/03/2002;23;19-30;0;121-160
478;Natália Melo;ramosmarcelo@yahoo.com.br;+55 (081) 4485-5800;Nascimento Grande;MG;20/08/2024;82.32;adimplente;16/10/1984;41;31-45;0;81-120
479;Catarina Lima;gomescarlos-eduardo@ig.com.br;+55 81 0214-4361;Mendes;AC;19/01/2025;121.48;adimplente;19/12/1998;27;19-30;0;121-160
480;Srta. Mariane Cavalcanti;dgomes@da.br;(081) 3064-7353;Fernandes;PE;12/11/2024;117.48;adimplente;31/07/1977;48;46-60;0;81-120
481;Srta. Brenda Santos;emillydas-neves@gmail.com;(021) 0073 3950;Duarte;SC;22/09/2024;88.97;adimplente;13/04/1975;50;46-60;0;81-120
482;Alícia das Neves;novaesmaria-eduarda@lopes.com;81 2689-2778;Sales;BA;18/05/2025;134.05;adimplente;26/06/1984;41;31-45;0;121-160
483;Raul Dias;lorena93@caldeira.br;+55 61 8297 3552;Gonçalves;PI;19/01/2025;101.62;adimplente;31/08/1970;55;46-60;0;81-120
484;Augusto Azevedo;samuel31@rocha.org;51 3668 8140;Fernandes;PI;01/06/2025;68.19;adimplente;03/10/1989;36;31-45;0;0-80
485;Alícia Costa;maria-sophia19@uol.com.br;(041) 5224 4389;da Paz de da Mata;PR;05/02/2025;136.53;adimplente;20/04/1959;66;60+;0;121-160
486;Srta. Alexia da Costa;muriloda-rosa@yahoo.com.br;+55 21 2183-8192;Moura;AC;26/05/2025;76.18;adimplente;26/01/1982;43;31-45;0;0-80
487;Milena Araújo;bfarias@yahoo.com.br;(061) 0748-2364;Farias;TO;01/04/2025;103.27;adimplente;23/10/1961;64;60+;0;81-120
488;Raul Gomes;zgomes@yahoo.com.br;+55 (031) 4717 1203;das Neves;ES;17/05/2025;123.12;adimplente;05/07/1967;58;46-60;0;121-160
489;Thales Vieira;biancagomes@monteiro.com;11 9199-6389;Vieira;SE;14/06/2025;183.44;adimplente;02/06/1973;52;46-60;0;161-200
490;Benjamin Silva;paulo49@silva.com;+55 (061) 3798 4115;Rezende dos Dourados;AP;28/02/2025;142.05;adimplente;31/12/1965;60;46-60;0;121-160
491;Sra. Isabelly Santos;rafael25@uol.com.br;0900-184-1727;Oliveira do Oeste;AC;17/08/2024;144.76;adimplente;11/08/1994;31;31-45;0;121-160
492;Sr. Raul Fogaça;marina17@da.br;+55 81 8313 1679;Pereira da Praia;RR;27/09/2024;180.24;adimplente;03/05/1977;48;46-60;0;161-200
493;Maria Vitória Aragão;jcardoso@azevedo.br;(071) 8700-5677;Duarte;BA;23/11/2024;113.27;adimplente;27/04/1956;69;60+;0;81-120
494;Ana Laura Oliveira;qramos@hotmail.com;+55 (041) 4695 8226;Costela da Mata;AM;23/09/2024;110.72;adimplente;16/03/2001;24;19-30;0;81-120
495;Fernando Sales;agomes@azevedo.br;+55 21 7456-9699;Rocha de Carvalho;BA;17/11/2024;61.87;adimplente;11/10/1976;49;46-60;0;0-80
496;Raul Gonçalves;qda-cunha@gmail.com;(061) 0706 6453;Cavalcanti do Campo;MG;07/09/2024;84.23;adimplente;06/03/1979;46;46-60;0;81-120
497;Kaique Nunes;valentina86@fogaca.br;(081) 5307-1528;Lopes;SC;06/01/2025;147.95;adimplente;11/08/1983;42;31-45;0;121-160
498;Bárbara Almeida;ana-lauracosta@ribeiro.com;(011) 9202 2887;Pires;PE;21/01/2025;140.81;adimplente;16/02/1972;53;46-60;0;121-160
499;Paulo Costa;jesusana-clara@aragao.org;41 9231-5701;Martins de Mendes;PI;11/12/2024;90.69;adimplente;10/09/1967;58;46-60;0;81-120
500;Vitor Hugo Azevedo;castrotheo@gomes.br;+55 11 8107 9260;da Mata;SE;22/07/2025;167.15;adimplente;09/01/1975;50;46-60;0;161-200
